Top pages,Clicks,Impressions,CTR,Position
https://softzar.com/,929,10006,9.28%,49.5
https://softzar.com/adobe-premiere-pro-cc-2024/,316,4331,7.3%,18.85
https://softzar.com/adobe-after-effects-latest/,308,4969,6.2%,32.88
https://softzar.com/adobe-after-effects-2024/,166,1685,9.85%,20.82
https://softzar.com/adobe-photoshop-for-macos/,138,1788,7.72%,32.35
https://softzar.com/adobe-after-effects-cc-2023/,108,832,12.98%,14.26
https://softzar.com/adobe-illustrator-cc-2022/,106,1123,9.44%,18.19
https://softzar.com/adobe-premiere-pro-2025-free-download/,105,769,13.65%,13.29
https://softzar.com/adobe-photoshop-2023-free-download/,89,1210,7.36%,15.2
https://softzar.com/adobe-premiere-pro-cc-2023/,84,540,15.56%,15.8
https://softzar.com/adobe-illustrator-cc-2023/,71,676,10.5%,16.8
https://softzar.com/adobe-photoshop-2024-free-download/,67,594,11.28%,14.91
https://softzar.com/adobe-illustrator-2024-free-download/,67,341,19.65%,12.99
https://softzar.com/adobe-photoshop-2025/,62,592,10.47%,23.53
https://softzar.com/adobe-acrobat-pro-dc-free-download/,62,393,15.78%,29.16
https://softzar.com/edius-free-download/,57,210,27.14%,19.33
https://softzar.com/adobe-photoshop-cc-2021/,52,325,16%,11.71
https://softzar.com/category/windows/graphics-design/,50,1314,3.81%,2.2
https://softzar.com/edius-pro-9-free-download-for-lifetime/,46,196,23.47%,11.86
https://softzar.com/minecraft-apk-1-20-81-01-apk-free-download/,39,509,7.66%,10.29
https://softzar.com/adobe-illustrator-2025/,37,259,14.29%,9.63
https://softzar.com/categories/,34,1609,2.11%,1.73
https://softzar.com/adobe-indesign-free-download/,34,362,9.39%,25.11
https://softzar.com/adobe-premiere-pro-for-macos/,28,136,20.59%,27.35
https://softzar.com/adobe-illustrator-cc-2021-free-download-for-lifetime/,26,194,13.4%,12.67
https://softzar.com/adobe-lightroom-classic-for-macos/,24,699,3.43%,30.86
https://softzar.com/adobe-photoshop/,23,226,10.18%,9.12
https://softzar.com/car-sale-simulator-2023/,21,101,20.79%,51.85
https://softzar.com/adobe-lightroom-classic-latest-version/,20,193,10.36%,34.18
https://softzar.com/adobe-premiere-pro-cc-2021-free-download-for-lifetime/,18,90,20%,15.99
https://softzar.com/adobe-photoshop-cc-2022-free-download/,17,123,13.82%,19.6
https://softzar.com/wondershare-filmora-10/,14,195,7.18%,19.9
https://softzar.com/category/windows/video-editor/,13,506,2.57%,2.75
https://softzar.com/adobe-media-encoder-2023/,13,103,12.62%,29.18
https://softzar.com/?m=0,12,263,4.56%,6.95
https://softzar.com/adobe-illustrator-for-macos/,12,124,9.68%,32.86
https://softzar.com/category/windows/,10,1463,0.68%,1.82
https://softzar.com/generatepress-free-download-latest-version/,9,116,7.76%,25.53
https://softzar.com/windows-7-professional/,8,47,17.02%,14.7
https://softzar.com/adobe-after-effects-for-macos/,7,108,6.48%,30.81
https://softzar.com/adobe-premiere-pro-cc-2020-free-download-for-lifetime/,7,53,13.21%,27.57
https://softzar.com/adobe-after-effects-cc-2021/,7,42,16.67%,16.45
https://softzar.com/adobe-animate-cc-2023/,7,32,21.88%,26.25
https://softzar.com/adobe-after-effects-cs6-free-download/,6,163,3.68%,30.91
https://softzar.com/journey-by-mediavine-review/,4,852,0.47%,20.44
https://softzar.com/elementor-pro-v3-7-2-free-download/,4,70,5.71%,30.81
https://softzar.com/adobe-indesign-2024-free-download/,4,42,9.52%,16.69
https://softzar.com/apple-logic-pro/,4,25,16%,35.56
https://softzar.com/topaz-denoise-ai-free-download/,4,23,17.39%,31.65
https://softzar.com/davinci-resolve-studio/,4,21,19.05%,22.48
https://softzar.com/autodesk-autocad-2025-for-macos/,4,11,36.36%,21.09
https://softzar.com/realtek-high-definition-audio-drivers/,3,807,0.37%,68.44
https://softzar.com/winrar-professional/,3,130,2.31%,6.15
https://softzar.com/adobe-lightroom-classic-2022/,3,54,5.56%,14.89
https://softzar.com/adobe-photoshop-cs6-free-download/,3,47,6.38%,38.62
https://softzar.com/adobe-animate-2022-free-download/,3,22,13.64%,14
https://softzar.com/adobe-acrobat-pro-dc-2023-free-download/,3,12,25%,19.33
https://softzar.com/vlc-media-player-free-download/,2,629,0.32%,64.55
https://softzar.com/firefly-ai-support-for-photoshop/,2,476,0.42%,53.17
https://softzar.com/about-us/,2,369,0.54%,3.45
https://softzar.com/topaz-video-ai-free-download/,2,180,1.11%,37.54
https://softzar.com/monetize-your-next-js-website-with-journey-by-mediavine/,2,148,1.35%,13.25
https://softzar.com/page/5/?m=0,2,133,1.5%,4.29
https://softzar.com/adobe-media-encoder-for-macos/,2,20,10%,9.2
https://softzar.com/adobe-indesign-2023-free-download/,2,14,14.29%,15.93
https://softzar.com/adobe-dreamweaver-2024-free-download/,2,11,18.18%,13.82
https://softzar.com/how-often-does-night-market-happen-in-league-of-legends/,1,511,0.2%,13.86
https://softzar.com/adobe-photoshop-2026/,1,102,0.98%,33.75
https://softzar.com/category/windows/page/2/,1,81,1.23%,10.38
https://softzar.com/macbook-air-m5-review-2026/,1,58,1.72%,17.78
https://softzar.com/free-tools/,1,47,2.13%,5.04
https://softzar.com/astra-pro-addon-latest-version-free-download/,1,32,3.12%,36.69
https://softzar.com/windows-10-free-download-with-microsoft-office-for-lifetime/,1,29,3.45%,8.14
https://softzar.com/adobe-photoshop-lightroom-classic-2021-free-download/,1,20,5%,11.65
https://softzar.com/coreldraw-graphics-suite-2023-free-download/,1,14,7.14%,17.43
https://softzar.com/newspaper-premium-wordpress-theme-free-download/,1,13,7.69%,23.15
https://softzar.com/category/ai/,1,11,9.09%,10.27
https://softzar.com/adobe-bridge-free-download/,1,10,10%,12.2
https://softzar.com/adobe-photoshop-elements-2023-free-download/,1,8,12.5%,18
https://softzar.com/the7-wordpress-theme-free-download/,1,4,25%,37.5
https://softzar.com/how-to-make-valorant-audio-in-different-language/,0,214,0%,36.74
https://softzar.com/vlc-media-player-for-macos-download/,0,155,0%,67.34
https://softzar.com/category/softwares/page/2/,0,140,0%,5.72
https://softzar.com/contact-us/,0,123,0%,4.21
https://softzar.com/category/blogs/,0,95,0%,6.96
https://softzar.com/category/android-games/,0,91,0%,1.2
https://softzar.com/category/android/,0,91,0%,1.2
https://softzar.com/category/pc-games/,0,91,0%,1.2
https://softzar.com/weighted-gpa-calculator/,0,76,0%,80.79
https://softzar.com/ads-blocker/,0,73,0%,3.74
https://softzar.com/gimp-a-powerful-free-photo-editing-software/,0,73,0%,11.47
https://softzar.com/top-10-productivity-tools-every-student-must-have/,0,57,0%,13.11
https://softzar.com/how-to-order-starlink-device-from-bangladesh/,0,57,0%,47.49
https://softzar.com/hostinger-review/,0,49,0%,7.78
https://softzar.com/high-school-gpa-calculator/,0,49,0%,70.92
https://softzar.com/privacy-policy/,0,46,0%,8.13
https://softzar.com/category/review/,0,46,0%,9.11
https://softzar.com/disclaimer/,0,45,0%,3.69
https://softzar.com/gpa-calculator/,0,42,0%,8.64
https://softzar.com/macbook-neo-review-2026/,0,42,0%,29.6
https://softzar.com/best-vpn-services/,0,41,0%,22.66
https://softzar.com/grammarly-review-2025/,0,32,0%,15.94
https://softzar.com/hamster-kombat-daily-cipher/,0,28,0%,60.68
https://softzar.com/nordvpn-vs-expressvpn/,0,27,0%,38.59
https://softzar.com/how-to-get-starlink-internet-in-bangladesh/,0,21,0%,67.24
https://softzar.com/claude-ai/,0,20,0%,30.15
https://softzar.com/hamster-kombat-daily-combo-cipher-code/,0,20,0%,72.3
https://softzar.com/claude-code/,0,19,0%,25.42
https://softzar.com/rar-extractor-max-unzip-file-for-macos/,0,19,0%,28.84
https://softzar.com/iphone-17-pro-review/,0,19,0%,64.11
https://softzar.com/can-you-walk-through-minions-in-league-of-legends/,0,18,0%,22.78
https://softzar.com/how-league-of-legends-works/,0,17,0%,65.88
https://softzar.com/apple-motion-for-macos/,0,16,0%,39.12
https://softzar.com/iphone-17-pro-vs-xiaomi-17-pro/,0,16,0%,45.75
https://softzar.com/audacity-free-download/,0,15,0%,18.8
https://softzar.com/google-s-ai-powered-antigravity-ide-security-issues/,0,14,0%,15.79
https://softzar.com/how-to-order-starlink-internet-in-india/,0,14,0%,37
https://softzar.com/explainable-ai-xai-vs-causal-ai/,0,14,0%,37.29
https://softzar.com/little-snitch-for-macos/,0,13,0%,57.38
https://softzar.com/terms-and-conditions/,0,12,0%,21.83
https://softzar.com/iphone-17-air-review/,0,12,0%,69.42
https://softzar.com/did-league-of-legends-remove-picking/,0,11,0%,18.73
https://softzar.com/hubspot-vs-salesforce/,0,11,0%,22.82
https://softzar.com/top-3-vpn-service-reviews/,0,11,0%,31
https://softzar.com/category/tools-utilities-macos/,0,10,0%,22.7
https://softzar.com/top-5-grammarly-alternatives/,0,10,0%,30.8
https://softzar.com/filmora-ai-video-editor/,0,10,0%,38.5
https://softzar.com/betheme-free-download-v26-4/,0,10,0%,43.2
https://softzar.com/brave-browser-download/,0,9,0%,20.67
https://softzar.com/adobe-xd-free-download/,0,9,0%,44.56
https://softzar.com/iphone-16-review/,0,8,0%,20.75
https://softzar.com/category/tools/,0,7,0%,10.14
https://softzar.com/category/windows/multimedia/,0,7,0%,13.57
https://softzar.com/category/tools-productivity/,0,7,0%,14
https://softzar.com/category/tech-news/,0,7,0%,15.71
https://softzar.com/category/windows/vpn/,0,7,0%,19.57
https://softzar.com/time-zone-converter/,0,7,0%,79.86
https://softzar.com/category/windows/audio/,0,6,0%,12.83
https://softzar.com/chatgpt-vs-deepseek/,0,6,0%,24.5
https://softzar.com/ai-health-wearables-devices/,0,6,0%,27.67
https://softzar.com/glary-utilities-pro-2025/,0,6,0%,35.17
https://softzar.com/top-10-ai-chatbots/,0,6,0%,45.5
https://softzar.com/wondershare-pdfelement-pro/,0,6,0%,47.5
https://softzar.com/samsung-galaxy-z-trifold-review/,0,6,0%,48.33
https://softzar.com/emi-calculator/,0,5,0%,13
https://softzar.com/college-gpa-calculator/,0,5,0%,24
https://softzar.com/apple-airpods-pro-3-review/,0,5,0%,53
https://softzar.com/top-5-best-lenovo-laptop-in-2021/,0,5,0%,61.6
https://softzar.com/techsmith-camtasia-for-macos-free-download/,0,5,0%,71
https://softzar.com/garena-free-fire-max-redeem-codes/,0,5,0%,79
https://softzar.com/how-to-use-deepseek-ai/,0,4,0%,21.25
https://softzar.com/category/review/smartphone-review/,0,4,0%,41.25
https://softzar.com/google-chrome-for-macos/,0,4,0%,49.75
https://softzar.com/google-gemini-3-threaten-chatgpt-and-nvidia/,0,4,0%,57
https://softzar.com/curated-buying-guide-for-affordable-gaming-laptops/,0,4,0%,67.5
https://softzar.com/homebrew-for-macos/,0,3,0%,10
https://softzar.com/ai-infrastructure-space-technology/,0,3,0%,24.67
https://softzar.com/ai-powered-web-browsers/,0,3,0%,32.67
https://softzar.com/samsung-galaxy-s26-ultra-review/,0,3,0%,40.67
https://softzar.com/filmora-ai-video-editor-for-android/,0,2,0%,7
https://softzar.com/microsoft-office-2024/,0,2,0%,21.5
https://softzar.com/ethical-considerations-in-ai-development/,0,2,0%,61
https://softzar.com/is-gemini-3-is-openai-s-nightmare-how/,0,2,0%,89
https://softzar.com/divi-theme-download-the-latest-version-of-2021/,0,2,0%,90.5
https://softzar.com/ai-s-transformative-impact-on-specific-industries/,0,1,0%,1
https://softzar.com/category/wordpress/wordpress-plugin/,0,1,0%,2
https://softzar.com/category/wordpress/wordpress-themes/,0,1,0%,2
https://softzar.com/dlc-boot-free-download-for-windows/,0,1,0%,3
https://softzar.com/impact-of-technology-on-the-workforce/,0,1,0%,21
https://softzar.com/auto-loan-calculator/,0,1,0%,34
https://softzar.com/coreldraw-graphics-suite-2024/,0,1,0%,41
https://softzar.com/woodmart-wordpress-premium-theme-free-download/,0,1,0%,45
https://softzar.com/innovative-laptop-displays-latest/,0,1,0%,48
https://softzar.com/wp-content/uploads/2026/02/Adobe-Photoshop-2026-1024x499.webp,0,1,0%,66
https://softzar.com/page/6/?m=0,0,1,0%,98